[
  {
    "ID": 1,
    "Nombre": "Rusia",
    "Longitud": 105.318756,
    "Latitud": 61.52401,
    "Imagen": "/img/rusia.jpeg"
  },
  {
    "ID": 2,
    "Nombre": "Canada",
    "Longitud": -106.346771,
    "Latitud": 56.130366,
    "Imagen": "/img/canada.jpg"
  },
  {
    "ID": 3,
    "Nombre": "China",
    "Longitud": 104.195397,
    "Latitud": 35.86166,
    "Imagen": "/img/china.jpg"
  },
  {
    "ID": 4,
    "Nombre": "Estados Unidos",
    "Longitud": -95.712891,
    "Latitud": 37.09024,
    "Imagen": "/img/eeuu.jpg"
  },
  {
    "ID": 5,
    "Nombre": "Brazil",
    "Longitud": -51.92528,
    "Latitud": -14.235004,
    "Imagen": "/img/brazil.jpeg"
  },
  {
    "ID": 6,
    "Nombre": "Australia",
    "Longitud": 133.775136,
    "Latitud": -25.274398,
    "Imagen": "/img/australia.jpg"
  },
  {
    "ID": 7,
    "Nombre": "India",
    "Longitud": 78.96288,
    "Latitud": 20.593684,
    "Imagen": "/img/india.jpg"
  },
  {
    "ID": 8,
    "Nombre": "Argentina",
    "Longitud": -63.616672,
    "Latitud": -38.416097,
    "Imagen": "/img/argentina.jpg"
  },
  {
    "ID": 9,
    "Nombre": "Kazajistan",
    "Longitud": 66.923684,
    "Latitud": 48.019573,
    "Imagen": "/img/kazajistan.jpg"
  },
  {
    "ID": 10,
    "Nombre": "Argelia",
    "Longitud": 1.659626,
    "Latitud": 28.033886,
    "Imagen": "/img/argelia.jpg"
  },
  {
    "ID": 11,
    "Nombre": "Republica Democratica del Congo",
    "Longitud": 27.00029,
    "Latitud": -5.38532,
    "Imagen": "/img/rdc.jpg"
  },
  {
    "ID": 12,
    "Nombre": "Arabia Saudita",
    "Longitud": 45.079162,
    "Latitud": 23.885942,
    "Imagen": "/img/as.jpg"
  },
  {
    "ID": 13,
    "Nombre": "Mexico",
    "Longitud": -102.552784,
    "Latitud": 23.634501,
    "Imagen": "/img/mexico.jpg"
  },
  {
    "ID": 14,
    "Nombre": "Indonesia",
    "Longitud": 113.921327,
    "Latitud": -0.789275,
    "Imagen": "/img/indonesia.jpeg"
  },
  {
    "ID": 15,
    "Nombre": "Sudan",
    "Longitud": 30.217636,
    "Latitud": 12.862807,
    "Imagen": "/img/sudan.jpg"
  },
  {
    "ID": 16,
    "Nombre": "Libia",
    "Longitud": 17.228331,
    "Latitud": 26.3351,
    "Imagen": "/img/libia.jpeg"
  },
  {
    "ID": 17,
    "Nombre": "Iran",
    "Longitud": 53.688046,
    "Latitud": 32.427908,
    "Imagen": "/img/iran.jpg"
  }
]
